Event_ID,Second,Event_Type,Shipment_ID,Truck_ID,Message,Metadata_JSON
EVT001,0,SIMULATION_STARTED,,,AI simulation started,{"mode":"auto","total_scenarios":20}
EVT002,3,TRUCK_MOVED,V001,,V001 advanced 2km on R001,{"lat":17.42,"lng":78.52}
EVT003,5,ANOMALY_INJECTED,SH004,,Shipment SH004 deviated to Khammam,{"expected":"H02","actual":"H05","deviation_km":203.7}
EVT004,6,TRUCK_MOVED,V002,,V002 advanced 2km on R002,{"lat":17.44,"lng":78.55}
EVT005,8,ANOMALY_DETECTED,SH004,,AI detected deviation of 203.7 km (>50 km threshold),{"threshold":50,"actual":203.7,"confidence":0.97}
EVT006,9,TRUCK_MOVED,V003,,V003 advanced 1.8km on R004,{"lat":17.40,"lng":78.60}
EVT007,10,RECOVERY_PLAN_CREATED,SH004,V001,Matched V001 with 4000 kg spare capacity,{"detour_km":0,"cost_saved":650,"carbon_saved":250,"deadline_met":true}
EVT008,12,RECOVERY_EXECUTED,SH004,V001,Recovery executed. Shipment added to V001 route,{"plan_id":"UUID-001","auto":true}
EVT009,13,TRUCK_MOVED,V001,,V001 route updated to include pickup at H07,{"route":"H01→H07→H02"}
EVT010,15,ANOMALY_INJECTED,SH009,,Shipment SH009 deviated to Nizamabad,{"expected":"H01","actual":"H03","deviation_km":175.2}
EVT011,16,TRUCK_MOVED,V004,,V004 advanced 2km on R005,{"lat":16.80,"lng":78.05}
EVT012,18,ANOMALY_DETECTED,SH009,,AI detected deviation of 175.2 km (>50 km threshold),{"threshold":50,"actual":175.2,"confidence":0.95}
EVT013,20,RECOVERY_PLAN_CREATED,SH009,V002,Matched V002 with 6000 kg spare capacity,{"detour_km":12,"cost_saved":540,"carbon_saved":180,"deadline_met":true}
EVT014,22,RECOVERY_EXECUTED,SH009,V002,Recovery executed autonomously,{"plan_id":"UUID-002","auto":true}
EVT015,25,ANOMALY_INJECTED,SH023,,Shipment SH023 deviated to Nalgonda,{"expected":"H01","actual":"H07","deviation_km":89.7}
EVT016,28,ANOMALY_DETECTED,SH023,,AI detected deviation of 89.7 km,{"threshold":50,"actual":89.7,"confidence":0.99}
EVT017,30,RECOVERY_PLAN_CREATED,SH023,V005,Matched V005 at Nalgonda with 6000 kg spare,{"detour_km":0,"cost_saved":520,"carbon_saved":170,"deadline_met":true}
EVT018,32,RECOVERY_EXECUTED,SH023,V005,Recovery executed. Deadline met.,{"plan_id":"UUID-003","auto":true}
EVT019,35,ANOMALY_INJECTED,SH035,,Shipment SH035 deviated to Khammam,{"expected":"H01","actual":"H05","deviation_km":198.6}
EVT020,38,ANOMALY_DETECTED,SH035,,AI detected deviation of 198.6 km,{"threshold":50,"actual":198.6,"confidence":0.96}
EVT021,40,RECOVERY_PLAN_CREATED,SH035,V003,Matched V003 with 0 kg spare → rejected,{"reason":"no_capacity"}
EVT022,41,RECOVERY_PLAN_CREATED,SH035,V015,Matched V015 with 5000 kg spare at H05,{"detour_km":0,"cost_saved":580,"carbon_saved":190,"deadline_met":true}
EVT023,42,RECOVERY_EXECUTED,SH035,V015,Recovery executed.,{"plan_id":"UUID-004","auto":true}
EVT024,45,ANOMALY_INJECTED,SH043,,Shipment SH043 deviated to Nalgonda,{"expected":"H02","actual":"H07","deviation_km":93.4}
EVT025,48,ANOMALY_DETECTED,SH043,,AI detected deviation of 93.4 km,{"threshold":50,"actual":93.4,"confidence":0.98}
EVT026,50,RECOVERY_PLAN_CREATED,SH043,V009,Matched V009 at Nalgonda with 6000 kg spare,{"detour_km":0,"cost_saved":650,"carbon_saved":250,"deadline_met":true}
EVT027,52,RECOVERY_EXECUTED,SH043,V009,Recovery executed.,{"plan_id":"UUID-005","auto":true}
EVT028,55,ANOMALY_INJECTED,SH050,,Shipment SH050 deviated to Nizamabad,{"expected":"H01","actual":"H03","deviation_km":175.2}
EVT029,58,ANOMALY_DETECTED,SH050,,AI detected deviation of 175.2 km,{"threshold":50,"actual":175.2,"confidence":0.95}
EVT030,60,RECOVERY_PLAN_CREATED,SH050,V011,Matched V011 at Nizamabad with 4000 kg spare,{"detour_km":0,"cost_saved":620,"carbon_saved":210,"deadline_met":true}
EVT031,62,RECOVERY_EXECUTED,SH050,V011,Recovery executed.,{"plan_id":"UUID-006","auto":true}
EVT032,65,ANOMALY_INJECTED,SH065,,Shipment SH065 deviated to Nalgonda,{"expected":"H04","actual":"H07","deviation_km":89.7}
EVT033,68,ANOMALY_DETECTED,SH065,,AI detected deviation of 89.7 km,{"threshold":50,"actual":89.7,"confidence":0.99}
EVT034,70,RECOVERY_PLAN_CREATED,SH065,V019,Matched V019 at Nalgonda with 5000 kg spare,{"detour_km":0,"cost_saved":560,"carbon_saved":185,"deadline_met":true}
EVT035,72,RECOVERY_EXECUTED,SH065,V019,Recovery executed.,{"plan_id":"UUID-007","auto":true}
EVT036,75,ANOMALY_INJECTED,SH074,,Shipment SH074 deviated to Nalgonda,{"expected":"H03","actual":"H07","deviation_km":178.3}
EVT037,78,ANOMALY_DETECTED,SH074,,AI detected deviation of 178.3 km,{"threshold":50,"actual":178.3,"confidence":0.96}
EVT038,80,RECOVERY_PLAN_CREATED,SH074,V017,Matched V017 at Nalgonda with 5000 kg spare,{"detour_km":0,"cost_saved":610,"carbon_saved":200,"deadline_met":true}
EVT039,82,RECOVERY_EXECUTED,SH074,V017,Recovery executed.,{"plan_id":"UUID-008","auto":true}
EVT040,85,ANOMALY_INJECTED,SH080,,Shipment SH080 deviated to Nalgonda,{"expected":"H02","actual":"H07","deviation_km":93.4}
EVT041,88,ANOMALY_DETECTED,SH080,,AI detected deviation of 93.4 km,{"threshold":50,"actual":93.4,"confidence":0.98}
EVT042,90,RECOVERY_PLAN_CREATED,SH080,V009,Matched V009 at Nalgonda with 6000 kg spare,{"detour_km":0,"cost_saved":640,"carbon_saved":230,"deadline_met":true}
EVT043,92,RECOVERY_EXECUTED,SH080,V009,Recovery executed.,{"plan_id":"UUID-009","auto":true}
EVT044,95,ANOMALY_INJECTED,SH085,,Shipment SH085 deviated to Nalgonda,{"expected":"H08","actual":"H07","deviation_km":229.4}
EVT045,98,ANOMALY_DETECTED,SH085,,AI detected deviation of 229.4 km,{"threshold":50,"actual":229.4,"confidence":0.97}
EVT046,100,RECOVERY_PLAN_CREATED,SH085,V021,Matched V021 at Nalgonda with 7000 kg spare,{"detour_km":0,"cost_saved":700,"carbon_saved":260,"deadline_met":true}
EVT047,102,RECOVERY_EXECUTED,SH085,V021,Recovery executed.,{"plan_id":"UUID-010","auto":true}
EVT048,105,ANOMALY_INJECTED,SH091,,Shipment SH091 deviated to Khammam,{"expected":"H01","actual":"H05","deviation_km":198.6}
EVT049,108,ANOMALY_DETECTED,SH091,,AI detected deviation of 198.6 km,{"threshold":50,"actual":198.6,"confidence":0.96}
EVT050,110,RECOVERY_PLAN_CREATED,SH091,V015,Matched V015 at Khammam with 5000 kg spare,{"detour_km":0,"cost_saved":660,"carbon_saved":240,"deadline_met":true}
EVT051,112,RECOVERY_EXECUTED,SH091,V015,Recovery executed.,{"plan_id":"UUID-011","auto":true}
EVT052,115,ANOMALY_INJECTED,SH098,,Shipment SH098 deviated to Nalgonda,{"expected":"H05","actual":"H07","deviation_km":120.8}
EVT053,118,ANOMALY_DETECTED,SH098,,AI detected deviation of 120.8 km,{"threshold":50,"actual":120.8,"confidence":0.97}
EVT054,120,RECOVERY_PLAN_CREATED,SH098,V019,Matched V019 at Nalgonda with 5000 kg spare,{"detour_km":0,"cost_saved":580,"carbon_saved":195,"deadline_met":true}
EVT055,122,RECOVERY_EXECUTED,SH098,V019,Recovery executed.,{"plan_id":"UUID-012","auto":true}
EVT056,125,ANOMALY_INJECTED,SH103,,Shipment SH103 deviated to Khammam,{"expected":"H04","actual":"H05","deviation_km":105.6}
EVT057,128,ANOMALY_DETECTED,SH103,,AI detected deviation of 105.6 km,{"threshold":50,"actual":105.6,"confidence":0.98}
EVT058,130,RECOVERY_PLAN_CREATED,SH103,V014,Matched V014 with 4000 kg spare at H05,{"detour_km":0,"cost_saved":570,"carbon_saved":185,"deadline_met":true}
EVT059,132,RECOVERY_EXECUTED,SH103,V014,Recovery executed.,{"plan_id":"UUID-013","auto":true}
EVT060,200,SIMULATION_COMPLETED,,,20 anomalies detected and auto-recovered without human intervention,{"total_recovered":20,"total_cost_saved":11930,"total_carbon_saved":3995,"total_time_seconds":200}